0,rs10108662
1,rs1049253
2,rs1050008
3,rs1051070
4,rs10789166
5,rs10824793
6,rs10932035
7,rs11246062
8,rs1129055
9,rs11465384
10,rs11569345
11,rs11883722
12,rs11914
13,rs12135754
14,rs12340866
15,rs12436555
16,rs12609318
17,rs12693591
18,rs12712526
19,rs1599796
20,rs16829980
21,rs16829984
22,rs16923189
23,rs17036001
24,rs17281703
25,rs17468739
26,rs17715343
27,rs1800871
28,rs1838066
29,rs187084
30,rs2010549
31,rs2069187
32,rs2070845
33,rs2072136
34,rs2226299
35,rs2229113
36,rs2230587
37,rs2236338
38,rs2236350
39,rs2239657
40,rs2254958
41,rs2273844
42,rs2288249
43,rs2288320
44,rs2292151
45,rs2297137
46,rs2304207
47,rs2681417
48,rs268598
49,rs268600
50,rs2705901
51,rs2720378
52,rs28360475
53,rs28383793
54,rs3024509
55,rs303211
56,rs310244
57,rs3116494
58,rs3135932
59,rs3213546
60,rs35069510
61,rs3739319
62,rs3760396
63,rs3765457
64,rs3765459
65,rs3770768
66,rs3775296
67,rs3780379
68,rs3802813
69,rs3802814
70,rs41265961
71,rs4143815
72,rs4251460
73,rs4251545
74,rs4252249
75,rs4252314
76,rs4256246
77,rs4648184
78,rs4648186
79,rs4670185
80,rs467593
81,rs467639
82,rs469390
83,rs4804801
84,rs4804802
85,rs4916004
86,rs4963271
87,rs4969168
88,rs4988457
89,rs5030419
90,rs533259
91,rs558705
92,rs627928
93,rs6701046
94,rs6853
95,rs7011101
